Model,MAE,RMSE,R2
LinearRegression,101108.52415120989,151485.3037893397,0.9743997083190986
RandomForest,39622.25274725275,61914.612971822324,0.9957234826911056
XGBoost,36654.89453125,55045.03000271686,0.9966198205947876
